VOC,NOX,24NOX,M1M1O3
0,1,5.633098673,9.104295586
0,2,15.17439126,3.71420523
0,3,24.41187048,2.298533749
0,4,33.44546864,1.679747052
0,5,42.38304977,1.356041026
0,6,51.25590804,1.189144803
0,7,60.07536079,1.09698721
0,8,68.8486987,1.051186949
0,9,77.57985387,1.040694925
0,10,86.27687569,1.050636275
0,11,94.94473369,1.071340605
0,12,103.5875262,1.098972995
0,13,112.2107193,1.131130705
0,14,120.8149591,1.166232499
0,15,129.4034805,1.203271595
0,16,137.9768788,1.241576537
0,17,146.5374132,1.280688511
0,18,155.0844594,1.320301964
0,19,163.6183107,1.36019444
0,20,172.1421305,1.400198767
0,21,180.6554491,1.440206988
0,22,189.1574537,1.480138196
0,23,197.6515614,1.519919021
0,24,206.1372705,1.559482748
0,25,214.6101819,1.598840249
0,26,223.0767706,1.637921832
0,27,231.5332877,1.676746032
0,28,239.9787049,1.715308212
0,29,248.419793,1.753509104
0,30,256.8526061,1.791395906
0,31,265.2768367,1.828978753
0,32,273.6933744,1.866247448
0,33,282.1026617,1.903159866
0,34,290.5039454,1.939751618
0,35,298.8957173,1.976034591
0,36,307.2835836,2.011955938
0,37,315.663757,2.047539572
0,38,324.0370594,2.082791122
0,39,332.4024544,2.117703755
0,40,340.7646408,2.15227458
0,41,349.120065,2.18649751
0,42,357.4666696,2.220425719
0,43,365.8102121,2.253982569
0,44,374.1448354,2.287225513
0,45,382.476001,2.320144947
0,46,390.8027592,2.352700401
0,47,399.1208247,2.38499982
0,48,407.4344156,2.416947776
0,49,415.7425581,2.448574791
0,50,424.043183,2.47990036
1,1,3.16820688,28.71713933
1,2,10.59916723,15.65678889
1,3,20.5446272,7.867329007
1,4,30.22436884,5.019527552
1,5,39.53672997,3.654306466
1,6,48.68392259,2.869448023
1,7,57.73646982,2.370627011
1,8,66.72647451,2.043800215
1,9,75.6692773,1.823038499
1,10,84.57163006,1.666183079
1,11,93.43504809,1.555112425
1,12,102.2606327,1.478209485
1,13,111.0474393,1.427641826
1,14,119.7977129,1.400079432
1,15,128.5092089,1.393417707
1,16,137.1887118,1.397666733
1,17,145.8361461,1.410197197
1,18,154.4557343,1.428957792
1,19,163.0504826,1.452363778
1,20,171.6242577,1.47920418
1,21,180.1811102,1.508580522
1,22,188.7197887,1.539839304
1,23,197.2429641,1.572473473
1,24,205.7525077,1.606103754
1,25,214.2483127,1.640446618
1,26,222.7342218,1.675295001
1,27,231.2089594,1.710489616
1,28,239.6716262,1.745894346
1,29,248.121556,1.781396367
1,30,256.5670405,1.816902491
1,31,264.9995605,1.852404489
1,32,273.4259132,1.887832877
1,33,281.8406833,1.923139727
1,34,290.2524071,1.958243548
1,35,298.6524043,1.993200055
1,36,307.0437413,2.027938213
1,37,315.4343946,2.062425421
1,38,323.8126862,2.096707136
1,39,332.1826804,2.130742968
1,40,340.5460071,2.164525938
1,41,348.9053162,2.198015819
1,42,357.257787,2.231209696
1,43,365.6013166,2.264204033
1,44,373.9391299,2.296893293
1,45,382.2757699,2.329243096
1,46,390.6006282,2.36135762
1,47,398.9210371,2.393183453
1,48,407.2378351,2.424699278
1,49,415.5513171,2.455920784
1,50,423.8555692,2.486866048
2,1,2.769909171,36.43652764
2,2,7.087466972,35.64743182
2,3,15.76121795,20.222686
2,4,26.0514427,11.37894638
2,5,36.0050131,7.548486161
2,6,45.51845858,5.578920367
2,7,54.81417123,4.403975978
2,8,63.98586051,3.634506363
2,9,73.07772883,3.098434425
2,10,82.11369879,2.714196921
2,11,91.10574648,2.438979013
2,12,100.0612794,2.228892301
2,13,108.9836227,2.066832215
2,14,117.8747668,1.941707705
2,15,126.7364478,1.845680195
2,16,135.5652432,1.773132674
2,17,144.3599027,1.72001535
2,18,153.1215373,1.682930437
2,19,161.8480941,1.664817294
2,20,170.5436927,1.659096475
2,21,179.2060468,1.661488205
2,22,187.8393929,1.670482158
2,23,196.4442391,1.684780913
2,24,205.0228906,1.703298808
2,25,213.5802811,1.725139128
2,26,222.116286,1.749578889
2,27,230.636741,1.776068536
2,28,239.1403309,1.804139321
2,29,247.6281735,1.833443247
2,30,256.1006182,1.863685476
2,31,264.558366,1.894657611
2,32,273.0069912,1.926134558
2,33,281.4424835,1.958028665
2,34,289.8690053,1.990195495
2,35,298.2856509,2.022516878
2,36,306.693256,2.054949863
2,37,315.0961452,2.087368833
2,38,323.4856548,2.119825258
2,39,331.8672957,2.152209849
2,40,340.2458073,2.184501989
2,41,348.6074544,2.216706922
2,42,356.9719894,2.248681956
2,43,365.3220803,2.280568663
2,44,373.669938,2.312191658
2,45,382.006131,2.343706341
2,46,390.3396904,2.374958973
2,47,398.6691355,2.406019035
2,48,406.9869105,2.436857982
2,49,415.3045547,2.46744049
2,50,423.6136666,2.49780268
3,1,2.601111486,40.30948916
3,2,5.661901997,49.36876544
3,3,11.58837925,40.05478499
3,4,21.057385,23.75680288
3,5,31.69103009,14.36513014
3,6,41.82824356,9.85139603
3,7,51.49329897,7.397557624
3,8,60.90747498,5.886876082
3,9,70.17420347,4.877520159
3,10,79.34758968,4.161397338
3,11,88.45308386,3.632624763
3,12,97.50926662,3.233448963
3,13,106.5266958,2.936051645
3,14,115.5108911,2.699964465
3,15,124.4642791,2.510727786
3,16,133.3900212,2.358122247
3,17,142.2898721,2.234816653
3,18,151.1606015,2.135578607
3,19,160.0048164,2.056338927
3,20,168.8210125,1.994081543
3,21,177.6068074,1.946316775
3,22,186.360678,1.911026734
3,23,195.0840337,1.890957536
3,24,203.7782148,1.882538982
3,25,212.4394358,1.881131136
3,26,221.0713686,1.88564294
3,27,229.6780223,1.895104346
3,28,238.2583329,1.908686835
3,29,246.8124217,1.925676006
3,30,255.3471298,1.945424948
3,31,263.8601866,1.9674295
3,32,272.3531546,1.991239948
3,33,280.8315952,2.016528916
3,34,289.2942713,2.043007612
3,35,297.7449528,2.070405201
3,36,306.1802089,2.098536208
3,37,314.605777,2.127238109
3,38,323.0194682,2.15637563
3,39,331.4195758,2.185839222
3,40,339.8132106,2.215546934
3,41,348.197669,2.245413261
3,42,356.5760338,2.275377651
3,43,364.9442632,2.305360958
3,44,373.2995121,2.335376733
3,45,381.6511253,2.365313299
3,46,389.9978722,2.395164351
3,47,398.3343925,2.424968956
3,48,406.6661332,2.454637534
3,49,414.9869887,2.484211487
3,50,423.3087426,2.513543537
4,1,2.490535308,42.48626276
4,2,5.178971706,56.20491865
4,3,9.001068867,57.10443216
4,4,16.33672115,42.3662359
4,5,26.45897712,26.64074186
4,6,37.42409787,16.94517179
4,7,47.7008542,11.94345765
4,8,57.48331658,9.103812133
4,9,66.99390941,7.306222299
4,10,76.34223941,6.081318908
4,11,85.58182683,5.202997559
4,12,94.74888982,4.545418762
4,13,103.8580868,4.039464247
4,14,112.9244072,3.645056852
4,15,121.9527658,3.341600879
4,16,130.9537173,3.093997381
4,17,139.9256852,2.890511563
4,18,148.871804,2.722106355
4,19,157.7947168,2.582171533
4,20,166.6923971,2.465865646
4,21,175.5669246,2.369399253
4,22,184.4146096,2.289969453
4,23,193.2384022,2.225228807
4,24,202.0344639,2.17323836
4,25,210.8006273,2.132495228
4,26,219.5394484,2.101574119
4,27,228.2485816,2.085006786
4,28,236.927788,2.076977679
4,29,245.5782461,2.074816697
4,30,254.2016184,2.077723474
4,31,262.7980468,2.084987473
4,32,271.3685123,2.095956346
4,33,279.9179071,2.110044809
4,34,288.4447436,2.126785977
4,35,296.9503624,2.145722923
4,36,305.43535,2.166504174
4,37,313.9046639,2.188786365
4,38,322.3589138,2.212314383
4,39,330.799561,2.236832522
4,40,339.2244149,2.262198327
4,41,347.6390061,2.288201764
4,42,356.0425671,2.314789714
4,43,364.4331064,2.341769233
4,44,372.8123431,2.369093753
4,45,381.1831044,2.396625854
4,46,389.5455207,2.424330668
4,47,397.8981149,2.452177889
4,48,406.2439671,2.4800867
4,49,414.5846837,2.507993434
4,50,422.9144578,2.535901908
5,1,2.407974317,43.79812305
5,2,4.908710193,60.73235429
5,3,7.924005095,67.49585137
5,4,12.86251444,62.02774488
5,5,21.26245089,44.18759687
5,6,31.95004922,29.07097642
5,7,43.22237349,19.2082349
5,8,53.6192862,13.84747087
5,9,63.49388702,10.70093678
5,10,73.08456759,8.658363601
5,11,82.50129482,7.243219139
5,12,91.80145316,6.215657372
5,13,101.0176294,5.440790694
5,14,110.1747552,4.838304242
5,15,119.2823073,4.359963286
5,16,128.3519115,3.979389426
5,17,137.3909595,3.677782542
5,18,146.3992802,3.427144041
5,19,155.3824221,3.217042065
5,20,164.3416807,3.039826907
5,21,173.2805193,2.889805192
5,22,182.1952329,2.76259565
5,23,191.0866188,2.65476198
5,24,199.9566629,2.563560995
5,25,208.8032462,2.486831842
5,26,217.624113,2.42280817
5,27,226.4223087,2.370011957
5,28,235.1965365,2.327127106
5,29,243.9410412,2.293178591
5,30,252.6558851,2.268600208
5,31,261.3466599,2.256594165
5,32,270.0086535,2.250143797
5,33,278.6419791,2.248578458
5,34,287.2493899,2.251305531
5,35,295.8293849,2.257773294
5,36,304.3857044,2.26749025
5,37,312.9247322,2.27995593
5,38,321.4393563,2.29483346
5,39,329.9347798,2.311727915
5,40,338.4113847,2.330332398
5,41,346.8690596,2.350409567
5,42,355.311932,2.371680079
5,43,363.7417012,2.393955495
5,44,372.1567372,2.417066652
5,45,380.5595708,2.440885219
5,46,388.9477575,2.465314625
5,47,397.3280897,2.4901407
5,48,405.6949179,2.515368144
5,49,414.0524721,2.540893059
5,50,422.4104501,2.566562506
6,1,2.342604272,44.62972463
6,2,4.721181511,63.77588093
6,3,7.39714808,73.68906672
6,4,10.97046409,75.57887451
6,5,17.08384379,64.86809036
6,6,26.32679033,45.81209114
6,7,37.52068206,31.16069047
6,8,49.07247071,21.21525624
6,9,59.57645002,15.5878621
6,10,69.52432719,12.19804264
6,11,79.18370124,9.944998745
6,12,88.66064161,8.360461134
6,13,98.01248477,7.197586217
6,14,107.2752741,6.313668881
6,15,116.4736997,5.621620655
6,16,125.6205791,5.068405839
6,17,134.7243757,4.618456429
6,18,143.7949473,4.255914211
6,19,152.8363662,3.961053362
6,20,161.8503915,3.711996234
6,21,170.8405126,3.499995913
6,22,179.8063488,3.318760951
6,23,188.7548605,3.163021184
6,24,197.6816499,3.028921302
6,25,206.5857266,2.913503566
6,26,215.4701246,2.814211675
6,27,224.332832,2.729002391
6,28,233.1738477,2.656244248
6,29,241.9927459,2.594510892
6,30,250.7860879,2.542647857
6,31,259.5570621,2.499613526
6,32,268.3034543,2.464498026
6,33,277.0199923,2.436626447
6,34,285.7130014,2.421040956
6,35,294.3784691,2.411953548
6,36,303.0181973,2.407460128
6,37,311.6339262,2.407046013
6,38,320.2223342,2.410251035
6,39,328.788143,2.416621405
6,40,337.3280909,2.425808687
6,41,345.8477839,2.437408032
6,42,354.3520731,2.451116109
6,43,362.8328446,2.466631734
6,44,371.2972371,2.483699842
6,45,379.746512,2.502076244
6,46,388.1772854,2.521645052
6,47,396.5906883,2.542155417
6,48,404.9929034,2.563491916
6,49,413.3897518,2.585458797
6,50,421.7686693,2.608030041
7,1,2.289017515,45.18009775
7,2,4.578029385,65.93976562
7,3,7.061107955,78.24351682
7,4,10.03602805,84.15277123
7,5,14.40112022,81.26584123
7,6,21.55050273,65.82178425
7,7,31.50902375,47.26122779
7,8,43.1642599,32.98306022
7,9,54.96958892,23.00549394
7,10,65.56733251,17.18495288
7,11,75.57642942,13.59880327
7,12,85.29364781,11.1675785
7,13,94.82274032,9.433383965
7,14,104.2206198,8.148051929
7,15,113.5252974,7.16315344
7,16,122.7626732,6.38718365
7,17,131.9420917,5.764255553
7,18,141.0771988,5.254865783
7,19,150.1768492,4.8316122
7,20,159.2469664,4.489362353
7,21,168.2877447,4.20340199
7,22,177.3025975,3.95869776
7,23,186.2971769,3.747714792
7,24,195.2698689,3.565218128
7,25,204.2235496,3.406700386
7,26,213.156696,3.26863963
7,27,222.0718723,3.1482564
7,28,230.9652217,3.043477742
7,29,239.8420869,2.952227611
7,30,248.6951459,2.873108648
7,31,257.5286646,2.80473302
7,32,266.3393039,2.746024441
7,33,275.1294631,2.696012702
7,34,283.8965516,2.653826003
7,35,292.6352198,2.618898403
7,36,301.350834,2.590422525
7,37,310.043358,2.572044765
7,38,318.7077105,2.561442789
7,39,327.3456771,2.55510182
7,40,335.9615003,2.552553984
7,41,344.5527185,2.553438299
7,42,353.1203909,2.557376478
7,43,361.6671879,2.564017981
7,44,370.1939587,2.573039979
7,45,378.7019368,2.584151801
7,46,387.1849891,2.597147461
7,47,395.6534311,2.611687464
7,48,404.1028635,2.627647875
7,49,412.5362093,2.644822063
7,50,420.9574584,2.662983355
8,1,2.244027174,45.55397774
8,2,4.462749428,67.53273573
8,3,6.815881507,81.59096817
8,4,9.485520955,89.84362488
8,5,12.90741681,92.33485005
8,6,18.18344863,84.99806194
8,7,26.20305872,66.53194941
8,8,36.79659048,48.55317433
8,9,48.87564545,34.58782399
8,10,60.90896668,24.61221317
8,11,71.58781542,18.65660282
8,12,81.64824242,14.91155364
8,13,91.41460573,12.32907111
8,14,100.9891744,10.46299426
8,15,110.4292763,9.066307458
8,16,119.7745127,7.986961355
8,17,129.0446406,7.133495443
8,18,138.2567482,6.4450851
8,19,147.4185211,5.88015394
8,20,156.5450364,5.408357684
8,21,165.6393728,5.010032071
8,22,174.7056812,4.689149782
8,23,183.745589,4.412982947
8,24,192.7615357,4.17417899
8,25,201.7570969,3.966193539
8,26,210.7344687,3.784396844
8,27,219.6918016,3.624977486
8,28,228.6316223,3.484935677
8,29,237.5526512,3.361754807
8,30,246.4522831,3.253330641
8,31,255.3349673,3.157955487
8,32,264.1981138,3.074230925
8,33,273.0452004,3.000774257
8,34,281.8676509,2.936927117
8,35,290.6690063,2.881565521
8,36,299.4494261,2.833904064
8,37,308.2059224,2.793316118
8,38,316.9421515,2.759128732
8,39,325.6522148,2.730815092
8,40,334.3388957,2.711407722
8,41,343.0011781,2.70000504
8,42,351.6381364,2.692529598
8,43,360.2508055,2.688599802
8,44,368.8433795,2.687862853
8,45,377.4159331,2.689989072
8,46,385.9616766,2.694727378
8,47,394.4873187,2.701762213
8,48,402.9909239,2.710822544
8,49,411.4798159,2.721686782
8,50,419.9488399,2.734157805
9,1,2.205462121,45.81424793
9,2,4.366869162,68.73520723
9,3,6.623606805,84.12770623
9,4,9.105035583,94.32941438
9,5,12.0481516,99.78228736
9,6,16.07298648,98.54589009
9,7,22.2371089,86.35115576
9,8,31.00703422,67.17894932
9,9,42.18060442,49.70475966
9,10,54.65124391,36.01042837
9,11,66.8872382,26.05893657
9,12,77.63486599,20.01287551
9,13,87.73640641,16.14525851
9,14,97.54599764,13.43265079
9,15,107.1625813,11.44948035
9,16,116.6411445,9.951088944
9,17,126.0200138,8.786627839
9,18,135.3211436,7.861507788
9,19,144.5604777,7.111376782
9,20,153.7509116,6.492693043
9,21,162.9002411,5.975381139
9,22,172.0184584,5.536794999
9,23,181.1075001,5.167310266
9,24,190.1705722,4.861827005
9,25,199.2075055,4.596319586
9,26,208.2246579,4.364145283
9,27,217.2210457,4.160273382
9,28,226.1997216,3.980610688
9,29,235.1588042,3.821849025
9,30,244.100406,3.681192769
9,31,253.0247157,3.55647101
9,32,261.9322312,3.445802529
9,33,270.818773,3.34767858
9,34,279.6897266,3.260690586
9,35,288.5404533,3.183807186
9,36,297.37287,3.115999934
9,37,306.1815988,3.056496305
9,38,314.9729704,3.004497345
9,39,323.7477408,2.959299745
9,40,332.4980585,2.920505471
9,41,341.2247562,2.887505655
9,42,349.927967,2.859816919
9,43,358.608446,2.840671923
9,44,367.2625633,2.828981515
9,45,375.8973808,2.820884272
9,46,384.5085319,2.816039165
9,47,393.0990557,2.814178195
9,48,401.6645073,2.815063826
9,49,410.2104088,2.818345079
9,50,418.7366729,2.823808188
10,1,2.17188429,45.99621942
10,2,4.285268527,69.65769346
10,3,6.466129985,86.10767321
10,4,8.816369318,97.79597165
10,5,11.48369902,105.0764708
10,6,14.80421248,107.9470264
10,7,19.54031464,102.9198388
10,8,26.50217016,86.75205207
10,9,35.94295694,67.77155081
10,10,47.65421529,50.73216079
10,11,60.48785071,37.27739983
10,12,72.90276639,27.36776571
10,13,83.70383319,21.27051858
10,14,93.84126549,17.30370721
10,15,103.6877656,14.48298826
10,16,113.3400645,12.39659075
10,17,122.85377,10.80621249
10,18,132.2623339,9.56428547
10,19,141.5929482,8.570608965
10,20,150.8596887,7.762008042
10,21,160.0772316,7.092575608
10,22,169.2507003,6.531138613
10,23,178.3884232,6.054914408
10,24,187.497886,5.6461215
10,25,196.5798474,5.304186871
10,26,205.6367904,5.013188925
10,27,214.6723658,4.757938109
10,28,223.6873436,4.532999462
10,29,232.6839484,4.334016406
10,30,241.6628844,4.157362971
10,31,250.6243083,3.999864322
10,32,259.5684089,3.859716205
10,33,268.4942151,3.7345819
10,34,277.4025422,3.622909939
10,35,286.2955759,3.52299265
10,36,295.1721089,3.433783287
10,37,304.0252414,3.354322603
10,38,312.864483,3.283625508
10,39,321.6844449,3.220920353
10,40,330.4833348,3.165525156
10,41,339.2650015,3.11674761
10,42,348.0262708,3.074233556
10,43,356.7680541,3.037353528
10,44,365.4832226,3.005785635
10,45,374.1777213,2.979009943
10,46,382.8479253,2.961200191
10,47,391.4957437,2.949536048
10,48,400.126507,2.941147552
10,49,408.7307342,2.935813107
10,50,417.3191661,2.933179555
11,1,2.142269349,46.12434776
11,2,4.214592682,70.37905955
11,3,6.333399673,87.6834087
11,4,8.584774174,100.5196815
11,5,11.07148146,109.489062
11,6,13.99118983,114.625131
11,7,17.79835521,114.4528458
11,8,23.27002517,104.9855932
11,9,30.93864349,86.99929978
11,10,40.99836253,68.30769482
11,11,53.21370363,51.64316009
11,12,66.38346354,38.40709021
11,13,78.94973413,28.56102403
11,14,89.79540113,22.43652493
11,15,99.96262229,18.39264999
11,16,109.8417431,15.47881708
11,17,119.5259882,13.30233641
11,18,129.0703161,11.63029095
11,19,138.508857,10.31564957
11,20,147.864745,9.260230925
11,21,157.1576528,8.39683188
11,22,166.3975878,7.679875274
11,23,175.5931062,7.076932967
11,24,184.7523969,6.563524071
11,25,193.8771599,6.123386984
11,26,202.9787193,5.740724305
11,27,212.0546904,5.424115249
11,28,221.1078232,5.146928756
11,29,230.1415005,4.90165235
11,30,239.1536476,4.684174801
11,31,248.1484068,4.490421359
11,32,257.1261947,4.317315828
11,33,266.088271,4.162315553
11,34,275.031201,4.02330029
11,35,283.9611095,3.898390662
11,36,292.8721008,3.786174049
11,37,301.7679954,3.685318577
11,38,310.6427517,3.594786737
11,39,319.5029368,3.513496711
11,40,328.3468126,3.440643387
11,41,337.1741096,3.375389941
11,42,345.980062,3.31737841
11,43,354.7683266,3.265897357
11,44,363.5369595,3.220372199
11,45,372.2849766,3.180420966
11,46,381.0138468,3.145587082
11,47,389.7178565,3.115523524
11,48,398.4019314,3.089819884
11,49,407.0661561,3.074051722
11,50,415.70792,3.062613718
12,1,2.115883865,46.21151872
12,2,4.152579828,70.94868239
12,3,6.219195255,88.95749316
12,4,8.39216949,102.7151885
12,5,10.74906436,112.9965357
12,6,13.41786371,119.5995052
12,7,16.66702353,122.7129441
12,8,21.0467698,119.2452924
12,9,27.2152673,105.5402458
12,10,35.52195466,87.17760573
12,11,46.16500253,68.78416037
12,12,58.85437318,52.45085149
12,13,72.33561945,39.41610964
12,14,85.02887842,29.64379122
12,15,95.90648933,23.51733596
12,16,106.0984436,19.41638964
12,17,116.0056789,16.42565984
12,18,125.718897,14.17039456
12,19,135.2899959,12.42561109
12,20,144.7561527,11.04411471
12,21,154.1372694,9.93039937
12,22,163.4544462,9.015041938
12,23,172.715269,8.253710756
12,24,181.9301433,7.611651511
12,25,191.1095858,7.062910407
12,26,200.2513167,6.592174803
12,27,209.3677546,6.182328743
12,28,218.4599758,5.828880352
12,29,227.5328599,5.53012143
12,30,236.5812075,5.265819066
12,31,245.6119369,5.03063539
12,32,254.618539,4.820542721
12,33,263.6114146,4.632218788
12,34,272.5911843,4.462857384
12,35,281.5505703,4.310634522
12,36,290.4946732,4.173258945
12,37,299.4241397,4.048992222
12,38,308.3388017,3.937034735
12,39,317.2348166,3.835884045
12,40,326.1122016,3.744727853
12,41,334.9748566,3.662291473
12,42,343.8224819,3.587786149
12,43,352.6515721,3.520896921
12,44,361.4633172,3.460854208
12,45,370.2570887,3.407065137
12,46,379.0310569,3.359180507
12,47,387.786196,3.31669447
12,48,396.5197758,3.279227734
12,49,405.2368371,3.246384028
12,50,413.9316768,3.217831171
13,1,2.092155015,46.26841589
13,2,4.097556672,71.40246224
13,3,6.119312927,90.00031557
13,4,8.227885753,104.516352
13,5,10.485412,115.8202432
13,6,12.98175383,123.9595419
13,7,15.88532104,128.828938
13,8,19.5439117,129.3520708
13,9,24.53280559,121.8533365
13,10,31.33911175,105.7339956
13,11,40.23718514,87.31093968
13,12,51.43639289,69.19957563
13,13,64.57366271,53.16277253
13,14,78.3425133,40.31599933
13,15,91.13658806,30.63103367
13,16,102.0317187,24.53053277
13,17,112.2459076,20.38415909
13,18,122.1795704,17.3251923
13,19,131.9204163,14.99936277
13,20,141.5175669,13.18923066
13,21,151.0041167,11.74995771
13,22,160.409261,10.58106901
13,23,169.7489976,9.617901637
13,24,179.0285259,8.815186291
13,25,188.2656142,8.134587026
13,26,197.459232,7.554563683
13,27,206.6223278,7.05271589
13,28,215.7541245,6.616590813
13,29,224.8604575,6.233528262
13,30,233.9455259,5.908458957
13,31,243.0077274,5.625590246
13,32,252.0512654,5.373263199
13,33,261.0791935,5.147130545
13,34,270.0874254,4.944071081
13,35,279.0777599,4.761179764
13,36,288.0519272,4.596168835
13,37,297.0110605,4.446789865
13,38,305.9545645,4.311556641
13,39,314.886045,4.188469979
13,40,323.7987933,4.07717783
13,41,332.6946112,3.976193699
13,42,341.5776437,3.884521375
13,43,350.44245,3.801381388
13,44,359.2924452,3.72599132
13,45,368.1186444,3.658056431
13,46,376.938549,3.596198124
13,47,385.7352625,3.54075696
13,48,394.5159626,3.490956216
13,49,403.2773062,3.446428224
13,50,412.0182848,3.406767559
14,1,2.070673428,46.301728
14,2,4.048371043,71.76601398
14,3,6.030920869,90.86047487
14,4,8.08518466,106.0136613
14,5,10.26319105,118.1437053
14,6,12.63233255,127.468912
14,7,15.30571464,133.5887227
14,8,18.50335936,136.8004094
14,9,22.63718578,134.3674925
14,10,28.22491693,122.7671171
14,11,35.61584702,105.7705513
14,12,45.0744034,87.40496773
14,13,56.80773346,69.55306758
14,14,70.36925531,53.78545627
14,15,84.40218101,41.11735078
14,16,97.26953371,31.53547187
14,17,108.1755245,25.47151079
14,18,118.4078178,21.29404233
14,19,128.3644596,18.18042387
14,20,138.125453,15.79620326
14,21,147.7449079,13.92753699
14,22,157.2569741,12.43119235
14,23,166.6814856,11.21388712
14,24,176.0402482,10.20622998
14,25,185.3399517,9.363097252
14,26,194.5950937,8.647490941
14,27,203.8061519,8.035337847
14,28,212.9870313,7.504797952
14,29,222.1352508,7.042626284
14,30,231.2575413,6.636580467
14,31,240.3573489,6.27958104
14,32,249.4340503,5.979187274
14,33,258.4909273,5.71040117
14,34,267.5299634,5.469533758
14,35,276.5525612,5.252584761
14,36,285.5531372,5.056805308
14,37,294.5413171,4.879339186
14,38,303.5167221,4.718442328
14,39,312.4719626,4.572219245
14,40,321.4200768,4.438857581
14,41,330.3466417,4.317849145
14,42,339.2576127,4.207532897
14,43,348.1538028,4.107017899
14,44,357.0350635,4.015450808
14,45,365.9002037,3.932003393
14,46,374.7523867,3.856070803
14,47,383.5863229,3.786894375
14,48,392.4042535,3.724206592
14,49,401.2053868,3.667417712
14,50,409.9866213,3.616143605
15,1,2.051093473,46.31667886
15,2,4.003919809,72.0611877
15,3,5.951904294,91.57570752
15,4,7.959457606,107.2712676
15,5,10.07176193,120.0873608
15,6,12.34194182,130.3465639
15,7,14.85108099,137.8747507
15,8,17.74416146,142.4891263
15,9,21.29602915,143.4554183
15,10,25.94066781,137.3053223
15,11,32.0941643,123.1222528
15,12,40.02825467,105.7184231
15,13,50.0267007,87.45970657
15,14,62.27557711,69.84475799
15,15,76.23912258,54.32577677
15,16,90.51018661,41.83282005
15,17,103.4256517,32.3648493
15,18,114.3338039,26.35061298
15,19,124.5815334,22.15235714
15,20,134.556184,18.99498306
15,21,144.3392755,16.55800153
15,22,153.9794715,14.63773615
15,23,163.5122536,13.08987753
15,24,172.956982,11.82705511
15,25,182.3323307,10.77893485
15,26,191.6535709,9.896870797
15,27,200.9230166,9.148411246
15,28,210.1538369,8.50547978
15,29,219.3487989,7.947963754
15,30,228.513232,7.461138418
15,31,237.6427028,7.034432362
15,32,246.7603456,6.654513711
15,33,255.8525279,6.32774789
15,34,264.9228667,6.04338318
15,35,273.9728134,5.787889018
15,36,283.0052532,5.557393858
15,37,292.0207037,5.348894105
15,38,301.0197035,5.15978422
15,39,310.0046584,4.98777296
15,40,318.9752945,4.831112219
15,41,327.935961,4.687702827
15,42,336.8759853,4.55729728
15,43,345.8020021,4.43808456
15,44,354.7106279,4.329182196
15,45,363.6079574,4.229390227
15,46,372.4893073,4.138227378
15,47,381.3612776,4.054623783
15,48,390.2095307,3.978464668
15,49,399.0440106,3.908851259
15,50,407.8613336,3.845419227
16,1,2.033207848,46.31680916
16,2,3.963607599,72.29877088
16,3,5.880724771,92.1742258
16,4,7.847395033,108.3366592
16,5,9.90406161,121.7327033
16,6,12.0943701,132.7505824
16,7,14.47933151,141.367521
16,8,17.15991263,147.1308402
16,9,20.3194808,150.3132275
16,10,24.27580775,148.5301795
16,11,29.43460944,138.59388
16,12,36.11677999,123.211758
16,13,44.56546411,105.6078489
16,14,55.08914309,87.4728631
16,15,67.83669526,70.07603704
16,16,82.18107791,54.78904517
16,17,96.66537135,42.46709355
16,18,109.6021363,33.1266145
16,19,120.5068341,27.17003854
16,20,130.7664472,22.96233363
16,21,140.7555243,19.77128677
16,22,150.5599497,17.28839877
16,23,160.2196915,15.31912388
16,24,169.7715783,13.72749636
16,25,179.2357234,12.42139192
16,26,188.6261343,11.33651003
16,27,197.9647727,10.41832226
16,28,207.254084,9.636702077
16,29,216.4986965,8.965317172
16,30,225.7071551,8.383073649
16,31,234.8845941,7.872881491
16,32,244.0336226,7.42407533
16,33,253.1543487,7.0263368
16,34,262.2620291,6.670171987
16,35,271.3457991,6.371283863
16,36,280.4089845,6.101884098
16,37,289.4519168,5.858481342
16,38,298.4794176,5.63783882
16,39,307.4894722,5.437231812
16,40,316.4871862,5.254482122
16,41,325.4684986,5.087723711
16,42,334.4341552,4.935388121
16,43,343.3873684,4.795827036
16,44,352.3309963,4.667505049
16,45,361.2550533,4.550317625
16,46,370.161809,4.442815573
16,47,379.0582505,4.344093292
16,48,387.9415715,4.253398158
16,49,396.8085935,4.170177189
16,50,405.6580876,4.093966485
17,1,2.016737094,46.30513153
17,2,3.926839848,72.48937541
17,3,5.816143937,92.67737714
17,4,7.746632982,109.2448352
17,5,9.755289995,123.1389467
17,6,11.8791737,134.7887049
17,7,14.16624189,144.2720456
17,8,16.69012122,151.3201643
17,9,19.57733669,155.6724144
17,10,23.04945953,156.8868401
17,11,27.44063328,151.6329797
17,12,33.09828241,139.214538
17,13,40.27538645,123.1411476
17,14,49.21985976,105.4513251
17,15,60.25802675,87.44243668
17,16,73.48970777,70.24590501
17,17,88.19431243,55.17905509
17,18,102.8655707,43.02656386
17,19,115.7988011,33.82466152
17,20,126.6932895,27.93688634
17,21,136.9615315,23.72772441
17,22,146.9649151,20.51025405
17,23,156.7859777,17.98643078
17,24,166.4650996,15.97508623
17,25,176.034243,14.34281648
17,26,185.517844,12.99668793
17,27,194.9246756,11.8766873
17,28,204.2790062,10.92600573
17,29,213.5787329,10.11639219
17,30,222.8421897,9.41599624
17,31,232.0623855,8.809286193
17,32,241.2549108,8.2767648
17,33,250.4181734,7.806910976
17,34,259.5526085,7.390370114
17,35,268.6680618,7.018012045
17,36,277.7650467,6.693744744
17,37,286.8410757,6.410789004
17,38,295.893933,6.155349584
17,39,304.928857,5.92312163
17,40,313.9537928,5.711481244
17,41,322.961706,5.518400471
17,42,331.9520609,5.341962371
17,43,340.930321,5.180321167
17,44,349.893669,5.03202719
17,45,358.8436733,4.895849969
17,46,367.7827633,4.770283236
17,47,376.706465,4.655125626
17,48,385.6153989,4.549007653
17,49,394.5104006,4.451541909
17,50,403.3893881,4.36178923
18,1,2.001546396,46.28390317
18,2,3.893080898,72.64429126
18,3,5.757270011,93.10030082
18,4,7.655356417,110.0227751
18,5,9.622005228,124.349444
18,6,11.68945562,136.535335
18,7,13.89661469,146.727328
18,8,16.29969268,154.7866207
18,9,18.98940203,160.2507576
18,10,22.12032479,163.3120084
18,11,25.94327418,161.8852666
18,12,30.77873526,153.2466664
18,13,36.91221287,139.4739956
18,14,44.55755241,122.9684144
18,15,53.98629083,105.2536038
18,16,65.53005481,87.36765368
18,17,79.23237195,70.35630856
18,18,94.27657175,55.49963325
18,19,109.106168,43.51955218
18,20,122.0128667,34.46595652
18,21,132.8904888,28.65623997
18,22,143.166273,24.45140855
18,23,153.1820809,21.21273857
18,24,163.0168676,18.65820033
18,25,172.7115632,16.60887251
18,26,182.2994084,14.93800259
18,27,191.7977502,13.55728443
18,28,201.2214592,12.40257823
18,29,210.592969,11.42033605
18,30,219.9067952,10.5828567
18,31,229.1810517,9.858160957
18,32,238.4170586,9.227253498
18,33,247.6207449,8.673270411
18,34,256.7988702,8.182842373
18,35,265.9434582,7.749359376
18,36,275.0691564,7.360733024
18,37,284.1796966,7.011071096
18,38,293.2669076,6.715340176
18,39,302.330695,6.448299814
18,40,311.3780034,6.204562204
18,41,320.4103184,5.982408137
18,42,329.4280368,5.779472503
18,43,338.4303626,5.593472159
18,44,347.4173851,5.422859261
18,45,356.3912933,5.266136481
18,46,365.3567086,5.121450306
18,47,374.3027998,4.988659263
18,48,383.2385655,4.866017571
18,49,392.1590252,4.753017722
18,50,401.06507,4.649044331
19,1,1.987479427,46.25471395
19,2,3.861962163,72.76797946
19,3,5.70324493,93.45827565
19,4,7.572078106,110.6915705
19,5,9.501498508,125.3972823
19,6,11.52011639,138.0455103
19,7,13.66047939,148.8297196
19,8,15.96701468,157.7021433
19,9,18.50719216,164.3533559
19,10,21.3916184,168.4178204
19,11,24.80191397,169.713573
19,12,29.00054843,165.0466667
19,13,34.27618893,154.1639022
19,14,40.86025759,139.4982943
19,15,48.95537774,122.723039
19,16,58.86081486,105.0171163
19,17,70.90412822,87.24483444
19,18,85.06328266,70.40877981
19,19,100.4270489,55.7546665
19,20,115.3865884,43.94759892
19,21,128.2418931,35.05774494
19,22,139.0994713,29.32779838
19,23,149.3812695,25.13381477
19,24,159.40818,21.88032548
19,25,169.2554517,19.29930431
19,26,178.9664225,17.21736351
19,27,188.5669731,15.51418423
19,28,198.0808147,14.09967792
19,29,207.5219441,12.91310271
19,30,216.9070146,11.90232215
19,31,226.2365963,11.03731195
19,32,235.5218634,10.28947829
19,33,244.7676232,9.637432465
19,34,253.9873535,9.061877874
19,35,263.1774401,8.552711917
19,36,272.3350379,8.101352824
19,37,281.4705628,7.697648536
19,38,290.5857162,7.334114724
19,39,299.6861988,7.01537541
19,40,308.7602433,6.736669719
19,41,317.8203985,6.482042738
19,42,326.8641662,6.24981098
19,43,335.8909842,6.037150659
19,44,344.8977019,5.842185451
19,45,353.8998447,5.662443726
19,46,362.8864679,5.497530294
19,47,371.8547796,5.345571307
19,48,380.8162466,5.205033708
19,49,389.7599754,5.075502766
19,50,398.6887136,4.955843074
20,1,1.974416375,46.21936518
20,2,3.833139228,72.86412006
20,3,5.653482885,93.76175357
20,4,7.495781096,111.2690129
20,5,9.391883084,126.3082687
20,6,11.36756425,139.3602695
20,7,13.45085403,150.6488407
20,8,15.67795058,160.1903761
20,9,18.10075371,167.7883671
20,10,20.80081053,172.9814149
20,11,23.90962586,175.8261814
20,12,27.62852126,174.5298045
20,13,32.21477565,166.9324691
20,14,37.91859948,154.6502292
20,15,44.92980195,139.3658502
20,16,53.46286395,122.4223546
20,17,63.84121405,104.7396379
20,18,76.37896678,87.07245505
20,19,90.98069198,70.40550551
20,20,106.6424922,55.94860869
20,21,121.7002299,44.32049274
20,22,134.4824525,35.60603527
20,23,145.3186506,29.95891158
20,24,155.6036347,25.78083835
20,25,165.6404366,22.51708613
20,26,175.5010764,19.9120633
20,27,185.2237249,17.80374372
20,28,194.8394406,16.0697785
20,29,204.3705316,14.62304416
20,30,213.8230489,13.40883331
20,31,223.2191097,12.3741613
20,32,232.5662149,11.48111899
20,33,241.8638588,10.71045733
20,34,251.1285824,10.03468217
20,35,260.3530369,9.442328892
20,36,269.5524309,8.916400364
20,37,278.7228111,8.448033893
20,38,287.8712779,8.027980764
20,39,296.9967566,7.650365543
20,40,306.1028471,7.310562439
20,41,315.1897139,7.019939273
20,42,324.2568794,6.755212993
20,43,333.3123618,6.513026016
20,44,342.3479335,6.291238936
20,45,351.373087,6.087067505
20,46,360.371418,5.900467188
20,47,369.3694471,5.726939417
20,48,378.3506852,5.567450766
20,49,387.3170383,5.419726194
20,50,396.268718,5.283601913
